zkratka,datum_narozeni,misto_narozeni,statni_prislusnost,kontaktni_adresa,telefon,email,duvod_o_azyl,rodinny_prislusnici,historie_cestovani_transitu,doklady_dukazy_dokumenty,podepsane_prohlaseni
SM001,12.5.1992,Sýrie,Sýrie,"fiktivní adresa, fiktivní země",123456789,ahmed.alhassan@email.com,"Opustil jsem Sýrii, protože byla mému životu nebezpečná ze strany islámských extremistů. Pracoval jsem jako učitel a dostal jsem výhružky kvůli mému vzdělání a neuznávání extremistických ideologií. Pokud bych se vrátil do Sýrie hrolí mi nebezpečí smrti.","Můj otec, matka a sestra zůstali v Sýrii. Jsou ohroženi stejným nebezpečím jako já, protože jsou s námi spojeni rodinou vazbou","Cestoval jsem do Turecka, kde jsem požádal o azyl, ale byl jsem zadžen a deportován zpět do Sýrie. Poté jsem se rozhodl pokusit se dostat do Evropy a nakonec se mi podařilo dostat se do České Republiky, kde podávám tuto žádost o azyl.","Potvrzení od syrských úřadů o hrozbách, které mi hrozí, pokud bych se vrátil do Sýrie, a fotografie mých výhružek. Policejní záznamy, zprávy o lidských právech a další relevantní dokumenty",Ano
SM002,8.7.1990,"Homs, Sýrie",Sýrie,"fiktivní adresa, fiktivní země",777 555 111,omar.ahmed@email.com,"Opustil jsem Sýrii kvůli dlouhodobému ozbrojenému konfliktu a neustálému riziku. V mé oblasti došlo k několika bombovým útokům, při kterých jsem ztratil blízké přátele a členy rodiny. Přežil jsem několikrát útoky na mé město a bojím se o svůj život.",Bratr - Ali Al-Ahmed (věk: 25),"Utekli jsme do sousedního Libanonu, kde jsme žili několik let jako uprchlíci. Odtud jsem se pokusil dostat do Evropy a nyní jsem .",Přikládám kopie zpráv o bombových útocích a fotografie zničených městských částí.,Ano
SM003,15.4.1987,"Aleppo, Sýrie",Sýrie,"fiktivní adresa, fiktivní země",123456789,ahmed.almansoori@email.com,Ahmed byl pronásledován v Sýrii kvůli svým politickým aktivitám a účasti v protestech za lidská práva. Byl násilím donucen k opuštění země a žádá o mezinárodní ochranu.,"Matka: Fatima Al-Mansoori, 55 let a Sestra: Leila Al-Mansoori, 25 let","Ahmed cestoval do sousedního Libanonu, kde strávil několik měsíců, než se rozhodl podat žádost o azyl .","Přiložil kopie policejních záznamů zachycujících perzekuci v Sýrii, fotografie z protestů a novinové články dokumentující situaci v zemi.",Ano
SM004,20.3.1993,"Deir ez-Zor, Sýrie",Sýrie,"fiktivní adresa, fiktivní země",721 222 333,ali.saleh@email.com,"Byl jsem nucen opustit Sýrii kvůli násilí a perzekuci ze strany vojenských a ozbrojených skupin. Měl jsem podezření, že bych byl následujícím terčem útoku, a tak jsem se rozhodl odejít.",Bez rodinných příslušníků,"Opustil jsem Sýrii a cestoval přes Turecko, Řecko a další země Balkánu, než jsem se dostal do České republiky.",Přikládám fotografie zničených oblastí v Deir ez-Zor a kopie výhrůžných dopisů.,Ano
SW005,12.10.1986,"Latakia, Sýrie",Sýrie,"fiktivní adresa, fiktivní země",608 444 777,sara.hakim@email.com,"Utekla jsem z Sýrie kvůli své sexuální orientaci, která je v naší zemi trestná. Byla jsem napadána a vystavena násilí ze strany své rodiny i společnosti. Strávila jsem několik let skrývající se a cestovala jsem, abych našla bezpečí.",Bez rodinných příslušníků,"Opustila jsem Sýrii a cestovala přes různé země a kontinenty, než jsem se dostala do České republiky.","Přikládám svědectví od osob, které byly svědky mé perzekuce, a kopie zpráv o lidských právech týkajících se LGBT+ komunity v Sýrii.",Ano
SM006,3.5.1980,"Daraa, Sýrie",Sýrie,"fiktivní adresa, fiktivní země",731 789 222,ahmad.mazroui@email.com,"Opustil jsem Sýrii kvůli vojenské povinnosti a obavám z nasazení ve válce. Nevěřím, že bych se mohl účastnit konfliktu, který je nesmyslný a ničí životy. Nechci zabíjet ani být zabit.",Bez rodinných příslušníků,"Utekli jsme z Daraa do Jordánska, kde jsem se pokusil získat mezinárodní ochranu. Nakonec jsem se dostal do České republiky.",Přikládám kopie rozhodnutí o odvodě do armády a výňatku z vojenského rejstříku.,Ano
SW007,20.8.1995,"Hama, Sýrie",Sýrie,"fiktivní adresa, fiktivní země",604 888 555,leila.mansoori@email.com,"Měla jsem hrozby na život a byla pronásledována kvůli svému novinářskému působení. Byla jsem svědkem represí vůči médiím a novinářům, kteří kritizovali vládu. Mé texty o lidských právech vyvolaly hněv a nebezpečí.","Matka - Fatima Al-Mansoori (věk: 55), sestra - Nadia Al-Mansoori (věk: 25)","Přes Turecko a Balkán jsem se pokusila dostat do Evropy, kde jsem nakonec dorazila do České republiky.","Přikládám kopie mé novinářské práce a rozhovory s lidmi, kteří byli svědky mého pronásledování.",Ano
SW008,9.4.1997,"Aleppo, Sýrie",Sýrie,"fiktivní adresa, fiktivní země",775 666 444,nadia.saeed@email.com,"Opustila jsem Sýrii kvůli rodinnému násilí a pronásledování ze strany svého manžela. Byla jsem obětí domácího násilí a neměla jsem možnost se někam uchýlit, abych ochránila sebe a své děti.","Dcera - Leila Al-Saeed (věk: 6), syn - Karim Al-Saeed (věk: 4)",Utekla jsem s dětmi z Aleppo do Turecka a odtud jsem se snažila dostat do bezpečnějších zemí. Nyní jsme .,"Přikládám kopie lékařských zpráv o zraněních z domácího násilí a svědectví od osob, které byly svědky mé situace.",Ano
SW009,14.9.1977,"Rakka, Sýrie",Sýrie,"fiktivní adresa, fiktivní země",723 333 999,hassan.hussein@email.com,Opustil jsem Sýrii kvůli politickému pronásledování. Byl jsem aktivní v opoziční hnutí a několikrát jsem byl zatčen a mučen. Nechci být součástí násilí a chci žít svůj život svobodně.,Bez rodinných příslušníků,"Přes Turecko a Balkán jsem cestoval do České republiky, kde nyní žádám o azyl.",Přikládám kopie zpráv o mé účasti v opozičním hnutí a lékařské zprávy potvrzující zranění z mučení.,Ano
SW010,27.2.1991,"Homs, Sýrie",Sýrie,"fiktivní adresa, fiktivní země",733 777 111,rana.mansoor@email.com,Utekla jsem z Sýrie kvůli pronásledování na základě mého genderového projevu. Byla jsem terčem nenávisti a násilí kvůli své genderové identitě a orientaci. Moje bezpečí je ohroženo.,Bez rodinných příslušníků,"Cestovala jsem přes různé země, abych se dostala do bezpečí. Nyní jsem  a žádám o azyl.",Přikládám fotografie z násilných útoků a zprávy od organizací podporujících práva LGBT+ komunity v Sýrii.,Ano
SW011,10.7.1988,"Aleppo, Sýrie",Sýrie,"fiktivní adresa, fiktivní země",777 123 456,amal.hassan@email.com,Musela jsem opustit Sýrii kvůli neustálému ohrožení ze strany ozbrojených skupin. Můj bratr byl unesen a jeho osud je neznámý. Bojím se o život svůj i své rodiny.,Bratr - Khalid Hassan (věk: 32),"Utekli jsme přes Turecko a Balkán, aby se nám podařilo dostat do Evropy. Nyní jsme .",Přiložila jsem kopie dopisů vyhrožujících mé rodině a fotografie zničených částí města.,Ano
SM012,5.9.1993,"Homs, Sýrie",Sýrie,"fiktivní adresa, fiktivní země",608 987 654,mohamad.karim@email.com,Jsem novinář a byl jsem pronásledován za svou práci. Psal jsem o politické situaci a lidských právech a byl jsem zatčen a mučen. Mým cílem je najít bezpečí a pokračovat v informování.,Bez rodinných příslušníků,"Cestoval jsem přes Turecko a Balkán, abych se dostal do Evropy. Nyní jsem .",Přikládám kopie mé novinářské práce a záznamy o zatčení,Ano
SW013,15.1.1985,"Damask, Sýrie",Sýrie,"fiktivní adresa, fiktivní země",737 555 222,layla.rahman@email.com,"Jsem lékařka a věnovala jsem se oblastem postiženým konfliktem. Byla jsem svědkem násilí a utrpení, což mě stálo vlastní bezpečí. Utekla jsem, abych mohla pokračovat v lékařské práci bez strachu o život.",Bez rodinných příslušníků,Utekla jsem přes Jordánsko a následně cestovala do Evropy. Nyní jsem .,Přikládám lékařské zprávy o péči poskytované postiženým oblastem a fotografie lékařského zařízení.,Ano
SW014,20.4.1990,"Rakka, Sýrie",Sýrie,"fiktivní adresa, fiktivní země",720 333 111,fatima.ahmed@email.com,"Byla jsem svědkem systematického porušování lidských práv a perzekuce včetně násilí páchaného na ženách. Musela jsem opustit Sýrii, abych se mohla bránit a hledat bezpečí.",Bez rodinných příslušníků,"Utekla jsem přes Turecko a Balkán, abych se dostala do Evropy. Nyní jsem .","Přikládám svědectví od dalších žen, které byly obětmi násilí, a zprávy od organizací bránících ženským právům.",Ano
SM015,8.11.1976,"Idlib, Sýrie",Sýrie,"fiktivní adresa, fiktivní země",602 444 333,samir.aziz@email.com,"Byl jsem zatčen a mučen kvůli svému nesouhlasu s vládou. Utekl jsem, protože bych jinak čelil smrti. Hledám bezpečí a svobodu pro sebe a svou rodinu.","Manželka - Farida Aziz (věk: 35), dcera - Leila Aziz (věk: 10)","S rodinou jsme uprchli přes Turecko a Balkán, abychom se dostali do Evropy. Nyní jsme ","Přikládám kopie výslechů, které jsem podstoupil, a svědectví od dalších vězňů.",Ano
SW016,15.8.1984,"Aleppo, Sýrie",Sýrie,"fiktivní adresa, fiktivní země",777 111 222,fatima.abdullah@email.com,Opustila jsem Sýrii kvůli pronásledování na základě mého náboženství. Jako křesťanka jsem byla terčem násilí a hrozeb. Hledám ochranu a bezpečí pro sebe a svou rodinu.,"Manžel - Elias Al-Abdullah (věk: 39), syn - Adam Al-Abdullah (věk: 12)","Utekli jsme z Aleppo přes Turecko a Balkán, abychom se dostali do Evropy. Nyní žádáme o azyl .","Přikládáme kopie hrozeb a zprávy od církevních organizací, které nás podporují.",Ano
SM017,2.3.1991,"Hama, Sýrie",Sýrie,"fiktivní adresa, fiktivní země",602 333 444,ahmed.omar@email.com,Opustil jsem Sýrii kvůli perzekuci ze strany vlády. Byl jsem zatčen a vězněn za své politické názory. Hledám ochranu a možnost svobodného projevu.,Bez rodinných příslušníků,Utekl jsem do Turecka a odtud cestoval přes Balkán. Nyní žádám o azyl .,"Přikládám zprávy o mé politické aktivitě a kopie výslechů, kterým jsem byl podroben.",Ano
SW018,10.1.1996,"Daraa, Sýrie",Sýrie,"fiktivní adresa, fiktivní země",731 555 666,leila.mansour@email.com,Musela jsem opustit Sýrii kvůli pronásledování na základě své sexuální orientace. Byla jsem vystavena násilí a hrozbám. Hledám bezpečí a svobodu.,Bez rodinných příslušníků,Utekla jsem do Jordánska a odtud cestovala do Evropy. Nyní žádám o azyl .,"Přikládám fotografie násilí, které jsem utrpěla, a zprávy od organizací bránících práv LGBT+ komunity.",Ano
SM019,20.4.1980,"Latakia, Sýrie",Sýrie,"fiktivní adresa, fiktivní země",775 222 888,youssef.khalil@email.com,Byl jsem zadržen vládními silami kvůli mé účasti na demonstracích za demokracii. Věznění bylo kruté a nemohu se vrátit. Hledám svobodu a ochranu.,Bez rodinných příslušníků,"Utekl jsem přes Turecko a Balkán, abych se dostal do Evropy. Nyní žádám o azyl .",Přikládám kopie výslechů a zprávy od lidskoprávních organizací.,Ano
SM020,5.10.1998,"Deir ez-Zor, Sýrie",Sýrie,"fiktivní adresa, fiktivní země",777 444 555,layth.hamza@email.com,"Opustil jsem Sýrii kvůli násilí a perzekuci v mé oblasti. Byl jsem svědkem hrůz, které sužovaly mou komunitu. Hledám bezpečí a možnost začít znovu.",Bez rodinných příslušníků,"Utekl jsem přes Turecko a Balkán, abych se dostal do Evropy. Nyní žádám o azyl .",Přikládám fotografie zničených domovů a zprávy od humanitárních organizací.,Ano
SW021,12.5.1990,"Aleppo, Sýrie",Sýrie,"fiktivní adresa, fiktivní země",777 111 223,fatima.al-mahdi@email.com,"Opustila jsem Sýrii kvůli perzekuci ze strany vládních sil. Moje rodina byla zavražděna a já čelila vážným hrozbám. Potřebuji mezinárodní ochranu, abych mohla začít znovu.",Bez rodinných příslušníků,Utekla jsem do Turecka a odtud pokračovala do Evropy. Nyní žádám o azyl .,Přikládám fotografie poškozených domovů a výpisy z novin o situaci v Sýrii.,Ano
SM022,10.5.1987,"Aleppo, Sýrie",Sýrie,"fiktivní adresa, fiktivní země",602 736 525,samir.ibrahim@hotmail.com,Samir opustil Sýrie kvůli občanské válce a hrozícímu nebezpečí pro svůj život. Podrobně popisuje situaci v Aleppu a své zkušenosti s válkou.,"Manželka Leila Ibrahim (29 let), syn Ahmed Ibrahim (5 let).",Přicestoval jsem do České Republiky prostřednictvím Balkánu.,Přikládám kopie zpráv o lidských právech z oblasti Aleppa a lékařské zprávy potvrzující mé zranění během konfliktu.,Ano
SW023,5.8.1992,"Homs, Sýrie",Sýrie,"fiktivní adresa, fiktivní země",605 058 458,lina.khalid@email.com,"Uprchla jsem ze Sýrie kvůli politické perzekuci a nebezpečí, které mi hrozilo kvůli názorům. Byla jsem pronásledována.",Bratr Jamal Khalid (30 let).,Přicestovala jsem přes Turecko a Rakousko. ,"Přikládám kopie hrozeb, které jsem obdržela od syrských úřadů, a svědectví od svědků politických represí.",Ano
SW024,20.1.1989,"Damašek, Sýrie",Sýrie,"fiktivní adresa, fiktivní země",785 548 215,hadiya.ali@hotmail.com,"Utekla jsem ze Sýrie kvůli násilí a hrozbám, kterým jsem čelila jako aktivistka za lidská práva.",Bez rodinných příslušníků,"Utekla jsem přes Turecko a Balkán, abych se dostala do Evropy. Nyní jsem .",Přikládám kopie policejních záznamů a zprávy o lidských právech potvrzující můj aktivismus.,Ano
SM025,15.7.1985,"Raqqa, Sýrie",Sýrie,"fiktivní adresa, fiktivní země",774 581 458,abbas.karim@gmail.com,Utekl jsem ze Sýrie kvůli hrozbám ze strany teroristických skupin a násilí v oblasti Raqqa.,"Matka Nour Karim (60 let), sestra Fatima Karim (30 let).",Utekl jsem do Jordánska a odtud cestoval do Evropy. Nyní žádám o azyl .,Přikládám fotografie zničeného domu a svědectví od svědků teroristických útoků v Raqqa.,Ano
SM026,3.9.1990,Aleppo,Sýrie,"fiktivní adresa, fiktivní země",555-555-1234,"
ahmed.alsayed@email.com","Ahmed uprchl ze Sýrie kvůli pronásledování ze strany vlády za to, že vystupoval proti porušování lidských práv. V případě návratu se obává o svou bezpečnost.","Ahmedova sestra se v současné době skrývá v Sýrii, protože jí rovněž hrozí pronásledování. ",Ahmed uprchl přes Turecko a lodí se dostal do Řecka a poté do Německa. ,"Ahmed má policejní záznamy a lékařské zprávy, v nichž je podrobně popsáno pronásledování, kterému čelil v Sýrii. ",Ano
SW027,21.11.1995,Homs,Sýrie,"fiktivní adresa, fiktivní země", 555-555-4321,fatima.abbas@email.com,"Fatima opustila Sýrii poté, co byl její snoubenec zabit vládními silami. V případě návratu se obává o svou bezpečnost, protože ji vláda považuje za hrozbu. ",Fatimina matka je stále v Sýrii a je rovněž ohrožena kvůli Fatiminým politickým názorům. ,Před příjezdem do Francie Fatima cestovala přes Libanon a Itálii. ,"Fatima má zprávu o lidských právech, která podrobně popisuje pronásledování, jemuž čelí civilisté v Sýrii, a také potvrzení o smrti jejího snoubence. ",Ano
SM028,14.5.1988,Raqqa,Sýrie,"fiktivní adresa, fiktivní země",555-555-5678,omar.hassan@email.com,"Omar byl nucen uprchnout ze Sýrie poté, co se stal terčem útoku kvůli svému menšinovému náboženskému přesvědčení. V případě návratu se obává o svou bezpečnost. ",Omarova manželka a děti jsou v Sýrii rovněž ohroženy. ,Omar před příjezdem do Nizozemska cestoval přes Turecko a Řecko. ,"Omar má osvědčení o náboženském pronásledování a policejní zprávu, v níž jsou podrobně popsány hrozby, kterým čelil v Sýrii.",Ano
SM029,27.9.1992,Deir ez-Zor,Sýrie,"fiktivní adresa, fiktivní země",555-555-2345,ali.hamza@gmail.com,"Ali opustil Sýrii poté, co mu kvůli jeho politickým názorům vyhrožovala extremistická skupina. V případě návratu se obává o svou bezpečnost. ",Aliho rodiče a sourozenci jsou v Sýrii rovněž ohroženi kvůli svému spojení s ním. ,Ali před příjezdem do Finska cestoval přes Turecko a Belgii. ,"Ali má k dispozici policejní zprávu, v níž jsou podrobně popsány výhrůžky, které obdržel od extremistické skupiny, a také zprávu o dodržování lidských práv, v níž jsou podrobně popsány jejich akce v Sýrii. ",Ano
SM030,5.10.1988,Hama,Sýrie,"fiktivní adresa, fiktivní země",,ahmed.masoud@email.com,Ahmed žádá o mezinárodní ochranu z důvodu své politické aktivity za demokratické reformy v Sýrii. V důsledku toho se stal terčem útoků ze strany vlády a v případě návratu do Sýrie se obává o svůj život. ,"Ahmedův bratr Mahmúd, který je rovněž politicky aktivní, se skrývá a hrozí mu pronásledování ze strany syrské vlády. ","Ahmed cestoval z Damašku do tureckého Istanbulu s platným vízem a poté se s převaděči dostal do Řecka, kde vstoupil na území EU. ","Ahmed má k dispozici policejní záznamy, které dokládají jeho zatčení a výslechy syrskými úřady kvůli jeho politickým aktivitám, a také zprávy o dodržování lidských práv dokumentující zásahy syrské vlády proti disentu.",Ano
SW031,1.1.1995,Aleppo,Sýrie,"fiktivní adresa, fiktivní země",777654321,sara.ahmed@email.com,"Sara žádá o mezinárodní ochranu z důvodu příslušnosti k náboženské menšině, která je terčem útoků syrské vlády a extremistických skupin. V případě návratu do Sýrie se obává o svůj život. ","Sářini rodiče a sourozenci, kteří jsou rovněž členy stejné náboženské menšinové skupiny, stále žijí v Sýrii a hrozí jim pronásledování. ","Sára cestovala ze Sýrie do Turecka s převaděčem a poté se lodí dostala do Řecka, kde vstoupila na území EU. ","Sára má podepsaná místopřísežná prohlášení rodinných příslušníků v Sýrii, která dokládají pronásledování, jemuž byli vystaveni, a lékařské zprávy o vlastních zraněních, která utrpěla při bombovém útoku v Sýrii. ",Ano
SM032,18.7.1980,Damašek,Sýrie,"fiktivní adresa, fiktivní země",,omar.hussein@gmail.com,"Omar žádá o mezinárodní ochranu kvůli své sexuální orientaci, která je v Sýrii trestná.V případě návratu do Sýrie se obává o svůj život.","Omar není v kontaktu se svými rodinnými příslušníky v Sýrii a neví, zda jsou ohroženi. ","Omar cestoval ze Sýrie do Turecka s platným vízem a poté lodí do Itálie, kde vstoupil na území EU. ","Omar má lékařské záznamy dokládající jeho zranění, která utrpěl při bití syrskými policisty kvůli své sexualitě, a také dopis od organizace na ochranu práv LGBT v Sýrii, v němž je podrobně popsáno pronásledování LGBT osob v Sýrii. ",Ano
SM033,1.10.1985,Latakia,Sýrie,"fiktivní adresa, fiktivní země",,khalid.alfaisal@email.com,"Khalid žádá o mezinárodní ochranu z důvodu svého náboženství, které je v Sýrii menšinové a je terčem útoků extremistických skupin. V případě návratu do Sýrie se obává o svůj život.","Khalidovi rodiče a sourozenci, kteří jsou rovněž příslušníky stejného menšinového náboženství, stále žijí v Sýrii a hrozí jim pronásledování. ","Chálid cestoval z Damašku do Libanonu s platným vízem a poté odletěl do Itálie, kde vstoupil na území EU. ","Khalid má místopřísežná prohlášení rodinných příslušníků v Sýrii, která dokládají pronásledování, jemuž byli vystaveni, a také dopis od náboženské organizace v Sýrii, v němž je podrobně popsáno pronásledování menšinových náboženství v Sýrii. ",Ano
SM034,12.5.1994,Aleppo,Sýrie,"fiktivní adresa, fiktivní země",,,Ali uprchl ze Sýrie kvůli pronásledování ze strany vlády za účast na pokojných protestech za demokracii a lidská práva. V případě návratu do Sýrie se obává o svou bezpečnost a život. ,žádní,"V roce 2012 se vrátil do Sýrie: Ali se vydal na nebezpečnou cestu do Evropy přes Turecko, Řecko a Itálii.","Potvrzení o nezapojení do teroristických aktivit, fotografie z protestů a pronásledování, lékařské zprávy o zraněních utrpěných během protestů",Ano
SM035,2.12.1985,Damašek,Sýrie,"fiktivní adresa, fiktivní země",,,Ahmed uprchl ze Sýrie kvůli pronásledování ze strany vlády za své náboženské přesvědčení a angažovanost v nenásilném aktivismu na podporu lidských práv. V případě návratu do Sýrie se obává o svou bezpečnost a život.,manželka a dvě děti,Ahmed se vydal na nebezpečnou cestu do Evropy přes Turecko a Řecko,"Ahmadín se vrátil do země, kde žije: Potvrzení o nenásilném aktivismu, fotografie z pronásledování, lékařské zprávy o zraněních utrpěných při zatýkání, rodinné dokumenty",Ano
SM036,2.9.1990,Deir ez-Zor,Sýrie,"fiktivní adresa, fiktivní země",43 1 23 45 678,salim.ahmed@email.com,"Salim uprchl ze Sýrie kvůli pronásledování ze strany ISIS, protože je příslušníkem menšinové náboženské skupiny. V případě návratu do Sýrie se obává o svou bezpečnost a život.",rodiče,"Salim je vdovec, který se narodil v roce 1952 v Praze: Salim se vydal na nebezpečnou cestu do Evropy přes Turecko a balkánskou trasu. ","Potvrzení o nezapojení do teroristických aktivit, fotografie z pronásledování, lékařské zprávy o zraněních utrpěných při zatýkání, rodinné dokumenty,",Ano
SM037,11.12.1997,"Idlib, Sýrie",Sýrie,"fiktivní adresa, fiktivní země",39 347 89 01 234,mustafa.hamdi@gmail.com,Mustafa uprchl ze Sýrie kvůli pronásledování ze strany vlády za účast na pokojných protestech za demokracii a lidská práva. V případě návratu do Sýrie se obává o svou bezpečnost a život.,Matka,"Mustafa se vydal na nebezpečnou cestu do Evropy přes Turecko, Řecko a Itálii.","Potvrzení o nenásilném aktivismu, fotografie z protestů a pronásledování, lékařské zprávy o zraněních utrpěných během protestů, rodinné dokumenty",Ano
SM038,3.5.1984,Aleppo,Sýrie,"fiktivní adresa, fiktivní země",351 912 34 56,omar.ali@email.com,Omar uprchl ze Sýrie kvůli pronásledování ze strany vlády za svou účast na nenásilných aktivitách na podporu lidských práv.  V případě návratu do Sýrie se obává o svou bezpečnost a život. ,manželka a děti. ,Omar se vydal na nebezpečnou cestu do Evropy přes Turecko a Řecko. ,"Potvrzení o nenásilném aktivismu, fotografie z pronásledování, lékařské zprávy o zraněních utrpěných při zatýkání",Ano
SM039,15.8.1985,Damašek,Sýrie,"fiktivní adresa, fiktivní země",46 76 9876543,omarmahfoud@email.com,Pronásledování jako člena komunity LGBTQ+ v Sýrii.,Žádné,V roce 2013 uprchl do Turecka a před přesídlením do Švédska pobýval 8 let v Istanbulu.," Potvrzení o LGBTQ aktivismu, fotografie z pronásledování, lékařské zprávy o emočním traumatu",Ano
SM040,11.7.1995,Homs,Sýrie,"fiktivní adresa, fiktivní země",31 6 78 90 12 34,amir.raad@email.com,Amir uprchl ze Sýrie kvůli pronásledování ze strany vlády za účast na pokojných protestech za demokracii a lidská práva. V případě návratu do Sýrie se obává o svou bezpečnost a život.,matka,Amir se vydal na nebezpečnou cestu do Evropy přes Turecko a Řecko.,"Potvrzení o nenásilném aktivismu, fotografie z protestů a pronásledování, lékařské zprávy o zraněních utrpěných během protestů, rodinné dokumenty, podepsané prohlášení.",Ano
SM041,7.12.1994,Aleppo,Sýrie,"fiktivní adresa, fiktivní země",34 678 90 12 34,hassan.ali@email.com,"Hassan uprchl ze Sýrie kvůli pronásledování ze strany ISIS, protože odmítl vstoupit do jejich řad.V případě návratu do Sýrie se obává o svou bezpečnost a život.",Matka a dva mladší sourozenci - bratr a sestra,Hassan se vydal na nebezpečnou cestu do Evropy přes Turecko a Řecko.,"Potvrzení o neúčasti na teroristických aktivitách, fotografie z pronásledování, lékařské zprávy o zraněních utrpěných při zatýkání, rodinné dokumenty",Ano
SM042,9.5.1994,Homs,Sýrie,"fiktivní adresa, fiktivní země",31 6 12 34 56 78,ali.mohammed@email.com,Ali uprchl ze Sýrie kvůli pronásledování ze strany vlády za jeho politický aktivismus a účast na protestech. V případě návratu do Sýrie se obává o svou bezpečnost a život.,Matka a sourozenci,Ali se vydal na nebezpečnou cestu do Evropy přes Turecko a Řecko.,"Potvrzení o nenásilném aktivismu, fotografie z protestů a pronásledování, lékařské zprávy o zraněních utrpěných během protestů, rodinné dokumenty",Ano
SM043,1.10.1989,"Idlib, Sýrie",Sýrie,"fiktivní adresa, fiktivní země",32 475 32 10 98,khaled.ahmed@email.com,Khaled uprchl ze Sýrie kvůli pronásledování ze strany vlády pro svou sexuální orientaci. V případě návratu do Sýrie se obává o svou bezpečnost a život.,Pouze matka,Vydala se na nebezpečnou cestu do Evropy přes Turecko a Řecko.,"Dokumenty: fotografie z pronásledování, lékařské zprávy o citovém traumatu, rodinné dokumenty, podepsané prohlášení.",Ano
SM044,1.3.1998,Hamá,Sýrie,"fiktivní adresa, fiktivní země",34 678 90 12 34,malik.hassan@email.com,Malik uprchl ze Sýrie kvůli pronásledování ze strany vlády za účast na pokojných protestech a politickém aktivismu. V případě návratu do Sýrie se obává o svou bezpečnost a život.,Nikdo,Malik se vydal na nebezpečnou cestu do Evropy přes Turecko a Řecko. ,"Potvrzení o nenásilném aktivismu, fotografie z protestů a pronásledování.",Ano
SM045,13.5.1978,"Rakka, Sýrie",,"fiktivní adresa, fiktivní země",49 176 23 45 67 89,ahmad.hassan@email.com,Ahmad uprchl ze Sýrie kvůli pronásledování ze strany vlády za účast na pokojných protestech za demokracii a lidská práva. V případě návratu do Sýrie se obává o svou bezpečnost a život,Nikdo,Ahmad se vydal na nebezpečnou cestu do Evropy přes Turecko a Řecko. ,"Potvrzení o nenásilném aktivismu, fotografie z protestů a pronásledování, lékařské zprávy o zraněních utrpěných během protestů",Ano
SM046,3.2.1984,Latakia,Sýrie,"fiktivní adresa, fiktivní země",44 789 01 23 456,faris.ali@email.com,"Faris uprchl ze Sýrie kvůli pronásledování ze strany ISIS, protože je příslušníkem menšinové náboženské skupiny.",Starší matka,"Faris se vydal na nebezpečnou cestu do Evropy přes Turecko,balkánskou trasu a Francii","Potvrzení o neúčasti na teroristických aktivitách, fotografie z pronásledování, lékařské zprávy o zraněních utrpěných při zatýkání",Ano
SW001,17.12.1988,"Aleppo, Sýrie",Sýrie,"fiktivní adresa, fiktivní země",608 123 789,layla.farouq@email.com,Byla jsem svědkem násilí a perzekuce ze strany vládních sil v Sýrii. Účastnila jsem se protestů za lidská práva a demokracii a byla jsem zatčena a mučena. Můj život je v ohrožení a potřebuji mezinárodní ochranu.,"Matka - Fatima Al-Farouq (věk: 55), bratr - Ahmed Al-Farouq (věk: 30)",Utekla jsem ze Sýrie přes Turecko a poté jsem se pokusila dostat do Evropy. Momentálně jsem .,Přikládám kopie lékařských zpráv o zraněních z mučení a zprávy od nevládních organizací zabývajících se lidskými právy.,Ano
SW002,5.1.1985,"Damašek, Sýrie",Sýrie,"fiktivní adresa, fiktivní země",734 987 654,fatima.mahmoud@email.com,"Moje rodina a já jsme opustili Sýrii poté, co jsme se stali terčem útoků extremistických skupin. Můj manžel byl zavražděn a mé děti jsou v ohrožení. Stále hledáme bezpečné místo pro život.","Syn - Ali Al-Mahmoud (věk: 12), dcera - Leila Al-Mahmoud (věk: 8)","Utekli jsme ze Sýrie do Jordánska a následně jsme cestovali přes Balkán, dokud jsme se nedostali do České republiky.",Přikládám kopie úmrtního listu mého manžela a fotografie z našeho zničeného domova.,Ano
SW003,7.2.2000,Damašek,Sýrie,"fiktivní adresa, fiktivní země",555-555-5679,aya.mahmoud@email.com ,"Aya opustila Sýrii poté, co se stala terčem útoků kvůli své LGBTQ+ identitě. V případě návratu se obává o svou bezpečnost.",Ayin bratr je rovněž ohrožen kvůli své LGBTQ+ identitě.,Aya před příjezdem do Švédska cestovala přes Libanon a Dánsko. ,"Aya má lékařskou zprávu, ve které je podrobně popsána fyzická a emocionální újma, které čelila v Sýrii kvůli své identitě. ",Ano
SW004,26.3.1992,Homs,Sýrie,"fiktivní adresa, fiktivní země",,rana.mahmoud@gmail.com,"Rana žádá o mezinárodní ochranu z důvodu svého členství ve skupině, která se zasazuje o práva žen v Sýrii.V důsledku toho se stala terčem útoků extremistických skupin a v případě návratu do Sýrie se obává o svůj život. ","Ranina sestra Dina, která je rovněž aktivistkou za práva žen, se skrývá a hrozí jí pronásledování ze strany extremistických skupin v Sýrii.","Rana cestovala ze Sýrie do Turecka s převaděčem a poté autobusem do Německa, kde vstoupila na území EU. ","Rana má k dispozici policejní záznamy dokumentující její zatčení a výslechy syrskými úřady kvůli jejímu aktivismu, jakož i zprávy o lidských právech dokumentující pronásledování aktivistů za práva žen v Sýrii. ",Ano
SW005,1.9.1990,Homs,Sýrie,"fiktivní adresa, fiktivní země",,,Rima uprchla ze Sýrie kvůli pronásledování ze strany vlády za její příslušnost ke komunitě LGBTQ. V případě návratu do Sýrie se obává o svou bezpečnost a život. ,Žádní,Rima podnikla nebezpečnou cestu do Evropy přes Turecko a Řecko.," Potvrzení o LGBTQ aktivismu, fotografie z pronásledování, lékařské zprávy o emočním traumatu",Ano
SW006,5.7.1996,"Idlib, Sýrie",Sýrie,"fiktivní adresa, fiktivní země",,,"Layla uprchla ze Sýrie kvůli pronásledování ze strany své rodiny, protože se odmítla provdat za muže, kterého jí vybrali. V případě návratu do Sýrie se obává o svou bezpečnost a život.",rodiče a tři sourozenci,Layla se vydala na nebezpečnou cestu do Evropy přes Turecko a Řeck,"Žádost o ruku, fotografie z pronásledování, lékařské zprávy o citovém traumatu, rodinné dokumenty",Ano
SW007,8.2.1988,Hama,Sýrie,"fiktivní adresa, fiktivní země",39 333 45 67 890,aisha.hasan@email.com,Aisha uprchla ze Sýrie kvůli pronásledování ze strany vlády za svou novinářskou práci. V případě návratu do Sýrie se obává o svou bezpečnost a život.,manžel a dvě děti,"Aischa je vdaná, má dvě děti: Aisha se vydala na nebezpečnou cestu do Evropy přes Turecko a Řecko.","Dokumenty o novinářské práci, fotografie z pronásledování, lékařské zprávy o citovém traumatu, rodinné dokumenty, podepsané prohlášení.",Ano
SW008,3.7.1993,Damašek,Sýrie,"fiktivní adresa, fiktivní země",41 79 23 45 678,rana.mohammed@gmail.com,"Rana uprchla ze Sýrie kvůli pronásledování ze strany své rodiny, protože žije ve vztahu se stejným pohlavím. V případě návratu do Sýrie se obává o svou bezpečnost a život.",Rodiče a dva bratři,Rana podnikla nebezpečnou cestu do Evropy přes Turecko a Řecko.,"Fotografie z pronásledování, lékařské zprávy o emočním traumatu",Ano
SW009,10.12.1994,Homs,Sýrie,"fiktivní adresa, fiktivní země",33 6 12345678,nouralabdullah@email.com,Obavy o její bezpečnost jako aktivistky a novinářky kritizující syrský režim," Otec (Youssef Al-Abdullah, 58 let, Homs) a bratr (Ali Al-Abdullah, 27 let, Homs)",Před podáním žádosti o azyl ve Francii překročil hranice do Libanonu a dva roky pobýval v Bejrútu.,Nic,Ano
SW010,3.7.1999,Aleppo,Sýrie,"fiktivní adresa, fiktivní země",32 478 123456,mayakhoury@email.com,Byla svědkem násilné smrti svých rodičů při bombovém útoku 2016 syrské vlády.,Žádné,V roce 2017 uprchla do Turecka a před přesídlením do Belgie pobývala 3 roky v Istanbulu.,,Ano
SW011,6.3.1992,Aleppo,Sýrie,"fiktivní adresa, fiktivní země",45 23 45 67 89,fatima.ahmed@email.com,"Fatima uprchla ze Sýrie kvůli pronásledování ze strany své rodiny, protože odmítla uzavřít dohodnutý sňatek. V případě návratu do Sýrie se obává o svou bezpečnost a život.",rodiče a sourozenci,Fatima podnikla nebezpečnou cestu do Evropy přes Turecko a Řecko.,"Žádost o ruku, fotografie z pronásledování, lékařské zprávy o citovém traumatu, rodinné dokumenty, podepsané prohlášení.",Ano
SW012,2.4.1991,Raqqa,Sýrie,"fiktivní adresa, fiktivní země",49 152 34 56 78 90,samar.ibrahim@email.com,Samar uprchla ze Sýrie kvůli pronásledování ze strany své rodiny kvůli vztahu s nemuslimským mužem.V případě návratu do Sýrie se obává o svou bezpečnost a život. ,Matka a otec,Samar se vydal na nebezpečnou cestu do Evropy přes Turecko a Řecko.,"Fotografie z pronásledování, lékařské zprávy o citovém traumatu, rodinné dokumenty",Ano
SW013,4.1.1987,Damašek,Sýrie,"fiktivní adresa, fiktivní země",39 340 12 34 567, layla.mansour@email.com,Layla uprchla ze Sýrie kvůli pronásledování ze strany vlády za svou práci na podporu práv žen a prosazování rovnosti žen a mužů. V případě návratu do Sýrie se obává o svou bezpečnost a život.,Manžel a dvě malé děti (2 a 5 let),Layla se vydala na nebezpečnou cestu do Evropy přes Turecko a Řecko.,"Aktivita za práva žen, fotografie z pronásledování, lékařské zprávy o citovém traumatu",Ano
SW014,12.6.1997,Aleppo,Sýrie,"fiktivní adresa, fiktivní země",47 98 76 54 32,fatima.khalid@email.com,"Fatima uprchla ze Sýrie kvůli pronásledování ze strany ISIS, protože je členkou menšinové náboženské skupiny.V případě návratu do Sýrie se obává o svou bezpečnost a život.",starší rodiče a sourozenci,"Fatima je vdova, která se narodila v roce 1952: Fatima podnikla nebezpečnou cestu do Evropy přes Turecko, balkánskou trasu a dánsko","Potvrzení o nezapojení do teroristických aktivit, fotografie z pronásledování, lékařské zprávy o zraněních utrpěných při zatýkání",Ano
SW015,4.8.1993,Deir ez-Zor,Sýrie,"fiktivní adresa, fiktivní země",49 152 34 56 78 90,sara.saleh@email.com,"Sara uprchla ze Sýrie kvůli pronásledování ze strany své rodiny, protože odmítla uzavřít dohodnutý sňatek a angažovala se v prosazování práv žen.",Matka s mladší sourozenec,Sára podnikla nebezpečnou cestu do Evropy přes Turecko a Řecko.," Fotografie z pronásledování, lékařské zprávy o emočním traumatu, dokumenty o aktivismu za práva žen, rodinné dokumenty",Ano
SW016,4.8.1990,Daraa,Sýrie,"fiktivní adresa, fiktivní země",39 345 67 89 012,sara.mohammed@email.com,Sara uprchla ze Sýrie kvůli pronásledování ze strany své rodiny kvůli vztahu žena se ženou.,Otec,Sára podnikla nebezpečnou cestu do Evropy přes Turecko," Fotografie z pronásledování, lékařské zprávy o emočním traumatu, rodinné dokumenty",Ano
SW017,2.12.1997,Aleppo,Sýrie,"fiktivní adresa, fiktivní země",46 70 23 45 678,zainab.hassan@email.com,Zainab uprchla ze Sýrie kvůli pronásledování ze strany své rodiny kvůli své novinářské práci. V případě návratu do Sýrie se obává o svou bezpečnost a život i život svých blízkých. ,Matka a otec,Zainab se vydala na nebezpečnou cestu do Evropy přes Turecko a Řecko. ,"Dokumenty o novinářské práci, fotografie z pronásledování, lékařské zprávy o citovém traumatu, rodinné dokumenty",Ano
SM047,15.11.1994,Aleppo,Sýrie,"fiktivní adresa, fiktivní země",30 123 456 789,ahmed.khalil@email.com,"Já, Ahmed Khalil, hledám azyl v Evropě kvůli ničivé válce a násilí v Sýrii. Pokračující konflikt vyústil v extrémní nejistotu, ztrátu rodinných příslušníků a zničení mého rodného města Aleppo. V důsledku toho jsou ohroženy můj život a blaho a hledám mezinárodní ochranu, abych unikl nebezpečí a hledal klidný život.","Jméno: Fatima Khalil
Věk: 50 (matka)
Vztah k žadateli o azyl: Matka","Abych se dostal do Řecka, podnikl jsem nebezpečnou cestu přes Turecko. Z Turecka jsem odcestoval do Řecka, kde pobývám posledních třináct měsíců.","V příloze této žádosti o azyl jsou fotografie a zdokumentované důkazy, které dokládají nebezpečnou situaci v Sýrii. Zahrnul jsem zpravodajské články, zprávy a osobní zprávy, které zobrazují násilí a zničení války. Kromě toho jsem připojil svědectví od ostatních Syřanů a renomovaných organizací pro lidská práva, které mohou potvrdit rizika, kterým čelí jednotlivci za podobných okolností. Kromě dokladů totožnosti jsem připojil osobní svědectví a příběhy, které ilustrují problémy, kterým čelí syrští uprchlíci. Dále jsem zařadil zprávy renomovaných mezinárodních organizací, které se zabývají situací v Sýrii a jejím dopadem na civilní obyvatelstvo.",Ano
SM048,10.7.1993,Homs,Sýrie,"fiktivní adresa, fiktivní země",46 123 456 789,rana.hasan@email.com,"Já, Rana Hasan, žádám o azyl v Evropě kvůli vážným hrozbám a pronásledování, kterému jako aktivistka za lidská práva v Sýrii čelím. Moje neustálé úsilí obhajovat spravedlnost, svobodu projevu a demokracii ze mě udělalo terč represivního režimu. Vězení, mučení a dokonce i smrt jsou běžnými osudy aktivistů, jako jsem já. Hledání mezinárodní ochrany je mou jedinou nadějí, jak uniknout hrozícímu nebezpečí a pokračovat v práci na lepší Sýrii.","Jméno: Samir Hasan
Věk: 30 (bratr)
Vztah k žadateli o azyl: Bratr","Abych se dostal do Švédska, podnikl jsem nebezpečnou cestu přes Libanon a Turecko. Z Turecka jsem cestoval do různých evropských zemí, včetně Německa a Dánska, než jsem se konečně dostal do Švédska, kde jsem pobýval posledních dvanáct měsíců.","V příloze této žádosti o azyl jsou fotografie a zdokumentované důkazy, které dokládají porušování lidských práv a nebezpečí v Sýrii. Zahrnul jsem zpravodajské články, zprávy a osobní zprávy, které upozorňují na represe, kterým aktivisté čelí. Kromě toho jsem připojil svědectví od kolegů aktivistů a renomovaných organizací pro lidská práva, které mohou potvrdit rizika, kterým čelí jednotlivci v podobných pozicích. Kromě dokladů totožnosti jsem připojil osobní svědectví a příběhy, které ilustrují výzvy, kterým čelí syrští aktivisté. Dále jsem zahrnul zprávy od renomovaných mezinárodních organizací, které se zabývají situací lidských práv v Sýrii.",Ano
SM049,15.3.1992,Damašek,Sýrie,"fiktivní adresa, fiktivní země",49 123 456 789,sara.ahmed@email.com,"Já, Sara Ahmed, hledám azyl v Evropě kvůli probíhající občanské válce a násilí v Sýrii. Nevybíravé bombardování, neustálý strach a ztráta blízkých mi znemožnily nadále žít ve své rodné zemi. Bojím se o svůj život a hledám mezinárodní ochranu, abych unikl nebezpečí a znovu vybudoval svůj život v bezpečí.","Jméno: Ahmed Khalid
Věk: 45 (otec)
Vztah k žadateli o azyl: Otec","Abych se dostal do Německa, podnikl jsem nebezpečnou cestu přes Libanon a Turecko. Z Turecka jsem procestoval několik evropských zemí, včetně Řecka a Rakouska, než jsem se konečně dostal do Německa, kde pobývám posledních třináct měsíců.","K této žádosti o azyl jsou připojeny fotografie a zdokumentované důkazy, které dokládají zoufalou situaci v Sýrii. Zahrnul jsem zpravodajské články, zprávy a osobní zprávy, které zobrazují bombové útoky, ničení a ztráty na životech. Kromě toho jsem připojil svědectví od ostatních Syřanů a renomovaných organizací pro lidská práva, které mohou potvrdit rizika, kterým čelí jednotlivci za podobných okolností. Kromě dokladů totožnosti jsem připojil osobní svědectví a příběhy, které ilustrují problémy, kterým čelí syrští uprchlíci. Dále jsem zařadil zprávy renomovaných mezinárodních organizací, které se zabývají situací v Sýrii a jejím dopadem na civilní obyvatelstvo.",Ano
SM050,4.10.1983,Aleppo,Sýrie,"fiktivní adresa, fiktivní země",33 123 456 789,ali.hassan@email.com,"Já, Ali Hassan, hledám v Evropě azyl kvůli neúnavnému násilí a pronásledování, kterému jsem jako novinář v Sýrii čelil. Represivní režim považoval mou práci za hrozbu a zaměřil se na mě za odhalování jejich porušování lidských práv a korupce. Četné pokusy o můj život a zmizení mých kolegů mi nezbylo než uprchnout a hledat mezinárodní ochranu.","Jméno: Fatima Hassan
Věk: 50 (matka)
Vztah k žadateli o azyl: Matka","Abych se dostal do Francie, podnikl jsem nebezpečnou cestu přes Libanon a Turecko. Z Turecka jsem cestoval do různých evropských zemí, včetně Itálie a Švýcarska, než jsem se konečně dostal do Francie, kde jsem pobýval posledních dvanáct měsíců.","K této žádosti o azyl jsou připojeny fotografie a zdokumentované důkazy, které dokládají nebezpečí, kterému čelí novináři a zastánci svobody slova v Sýrii. Zahrnul jsem zpravodajské články, zprávy a osobní účty, které zdůrazňují rizika a cílené útoky. Kromě toho jsem připojil svědectví od kolegů novinářů a renomovaných organizací pro lidská práva, které mohou potvrdit rizika, kterým čelí jednotlivci v podobných pozicích. Kromě dokladů totožnosti jsem připojil osobní svědectví a příběhy, které zobrazují výzvy, kterým čelí syrští novináři. Dále jsem zahrnul zprávy od renomovaných mezinárodních organizací, které se zabývají situací svobody médií v Sýrii.",Ano
SM051,18.10.1998,Aleppo,Sýrie,"fiktivní adresa, fiktivní země",39 123 456 789,omar.ibrahim@email.com,"Já, Omar Ibrahim, hledám azyl v Evropě kvůli pokračující válce a násilí v Sýrii. Nevybíravé bombové útoky, neustálé ohrožení osobní bezpečnosti a nedostatek základních životních potřeb mi znemožnily žít bezpečný a plnohodnotný život. Navíc jsem se stal terčem ozbrojených skupin kvůli svému náboženskému přesvědčení a útěk ze své země je mou jedinou šancí, jak zajistit svou bezpečnost a požádat o mezinárodní ochranu.","Jméno: Fatima Ibrahim
Věk: 50 (matka)
Vztah k žadateli o azyl: Matka","Abych se dostal do Itálie, podnikl jsem nebezpečnou cestu přes Turecko. Z Turecka jsem se dostal přes Řecko a další evropské země, než jsem se konečně dostal do Itálie, kde pobývám posledních čtrnáct měsíců.","V příloze této žádosti o azyl jsou fotografie a zdokumentované důkazy, které dokládají nebezpečí a pronásledování v Sýrii. Zahrnul jsem zpravodajské články, zprávy a osobní zprávy, které zobrazují zkázu a násilí způsobené válkou. Kromě toho jsem připojil svědectví od ostatních Syřanů a renomovaných organizací pro lidská práva, které mohou potvrdit rizika, kterým čelí jednotlivci za podobných okolností. Kromě dokladů totožnosti jsem připojil osobní svědectví a příběhy, které ilustrují problémy, kterým čelí syrští uprchlíci. Dále jsem zařadil zprávy renomovaných mezinárodních organizací, které se zabývají situací v Sýrii a jejím dopadem na civilní obyvatelstvo.",Ano
SM052,14.1.1965,Hama,Sýrie,"fiktivní adresa, fiktivní země",34 123 456 789,layla.hassan@email.com,"Já, Layla Hassan, hledám azyl v Evropě kvůli pokračujícímu konfliktu a pronásledování v Sýrii. Ztráta mého manžela, zničení mého domova a neustálé nebezpečí, které představují ozbrojené skupiny, mě donutily uprchnout ze své země. Žádost o mezinárodní ochranu je mou jedinou nadějí, jak uniknout hrozbám a vytvořit bezpečnou budoucnost pro sebe a své děti.","Jméno: Aisha Hassan
Věk: 8 (dcera)
Vztah k žadateli o azyl: dcera","Abych se dostal do Španělska, podnikl jsem nebezpečnou cestu přes Libanon a Turecko. Z Turecka jsem procestoval různé evropské země, včetně Francie a Portugalska, než jsem se nakonec dostal do Španělska, kde pobývám posledních třináct měsíců.","V příloze této žádosti o azyl jsou fotografie a zdokumentované důkazy, které dokládají nebezpečí a pronásledování, kterému čelí civilisté v Sýrii. Zahrnul jsem zpravodajské články, zprávy a osobní zprávy, které zobrazují násilí, ničení a ztráty na životech. Kromě toho jsem připojil svědectví od ostatních Syřanů a renomovaných organizací pro lidská práva, které mohou potvrdit rizika, kterým čelí jednotlivci za podobných okolností. Kromě dokladů totožnosti jsem připojil osobní svědectví a příběhy, které ilustrují problémy, kterým čelí syrští uprchlíci. Dále jsem zařadil zprávy renomovaných mezinárodních organizací, které se zabývají situací v Sýrii a jejím dopadem na civilní obyvatelstvo.",Ano
SM053,12.1.1985,Damašek,Sýrie,"fiktivní adresa, fiktivní země",46 123 456 789,ahmed.almohammed@email.com,"Já, Ahmed Al-Mohammed, hledám azyl v Evropě kvůli pokračujícímu konfliktu a pronásledování v Sýrii. Neustálé bombardování, nedostatek základních služeb a neustálý strach o svůj život a život mé rodiny mě donutily uprchnout ze své země. Naléhavě potřebuji mezinárodní ochranu, protože můj život je v bezprostředním ohrožení kvůli mému zapojení do pokojných protestů proti represivnímu režimu.","Jméno: Fatima Al-Mohammed
Věk: 40 (manželka)
Vztah k žadateli o azyl: manželka","Abychom se dostali do Švédska, podnikli jsme s rodinou nebezpečnou cestu přes Libanon a Turecko. Z Turecka jsme procestovali různé evropské země včetně Německa a Dánska, než jsme nakonec dorazili do Švédska, kde jsme pobývali posledních šestnáct měsíců.","K této žádosti o azyl jsou připojeny fotografie a zdokumentované důkazy, které dokládají nebezpečí a pronásledování, kterému čelí civilisté v Sýrii. Zahrnul jsem zpravodajské články, zprávy a osobní zprávy, které zobrazují násilí, vysídlení a ztráty na životech. Kromě toho jsem připojil svědectví od ostatních Syřanů a renomovaných organizací pro lidská práva, které mohou potvrdit rizika, kterým čelí jednotlivci za podobných okolností. Kromě dokladů totožnosti jsem připojil osobní svědectví a příběhy, které ilustrují problémy, kterým čelí syrští uprchlíci. Dále jsem zahrnul zprávy od renomovaných mezinárodních organizací, které se zabývají situací v Sýrii a jejím dopadem na civilní obyvatelstvo, a také lékařské zprávy potvrzující fyzické a psychické trauma, které jsem já a moje rodina utrpěli.",